"pension","n","mean_js","mean_js_low","mean_js_upp"
"No pension",11376,3.67316315807628,3.64558883258398,3.70073748356859
"Has pension",9654,3.61281156851971,3.58166504774797,3.64395808929146
