"n","mean_wtd","mean_wtd_low","mean_wtd_upp","median_wtd"
21784,3.64733744107787,3.62438409586266,3.67029078629308,3.71428571428571
